{
   "name":"custom.remote.python.snmp_palo_alto",
   "version":"1.028",
   "type":"python",
   "metricGroup": "tech.SNMP.PaloAlto",
   "entity":"CUSTOM_DEVICE",
   "processTypeNames":["PYTHON"],
   "technologies": ["SNMP"],
   "favicon": "https://assets.dynatrace.com/global/icons/infographic_rack.png",
   "source":{
      "package":"snmp_plugin",
      "className":"PaloAltoPlugin",
      "install_requires": ["pysnmp"],
      "activation":"Remote"
   },
   "metrics":[
      {
         "entity": "CUSTOM_DEVICE",
         "timeseries":{
            "key":"availability",
            "unit":"Percent",
            "displayname":"Availability"
         }
      },
      {
         "entity": "CUSTOM_DEVICE",
         "timeseries":{
            "key":"response_time",
            "unit":"MilliSecond",
            "displayname":"Response time"
         }
      },
      {
         "entity": "CUSTOM_DEVICE",
         "timeseries":{
            "key":"cpu_management",
            "unit":"Percent",
            "displayname":"CPU % Management Plane"
         }
      },
        {
         "entity": "CUSTOM_DEVICE",
         "timeseries":{
            "key":"cpu_system",
            "unit":"Percent",
            "displayname":"CPU % System Plane"
         }
      },
      {
         "entity": "CUSTOM_DEVICE",
         "timeseries":{
            "key":"mem_pct",
            "unit":"Percent",
            "displayname":"Memory %",
            "dimensions": ["Storage"]
         }
      },
      {
         "entity": "CUSTOM_DEVICE",
         "timeseries":{
            "key":"gateway_usage",
            "unit":"Percent",
            "displayname":"Global Protect Gateway Usage"
         }
      },
      {
         "entity": "CUSTOM_DEVICE",
         "timeseries":{
            "key":"session_usage",
            "unit":"Percent",
            "displayname":"Session Usage"
         }
      },
      {
         "entity": "CUSTOM_DEVICE",
         "timeseries":{
            "key":"active_tunnels",
            "unit":"Count",
            "displayname":"Active Tunnels"
         }
      },
      {
         "entity": "CUSTOM_DEVICE",
         "timeseries":{
            "key":"max_tunnels",
            "unit":"Count",
            "displayname":"Max Tunnels"
         }
      },
      {
         "entity": "CUSTOM_DEVICE",
         "timeseries":{
            "key":"sessions",
            "unit":"Count",
            "displayname":"Current Sessions"
         }
      },
      {
         "entity": "CUSTOM_DEVICE",
         "timeseries":{
            "key":"if_in",
            "unit":"Byte",
            "displayname":"Interface Input Octets",
            "dimensions": ["Interface"]
         }
      },
      {
         "entity": "CUSTOM_DEVICE",
         "timeseries":{
            "key":"if_out",
            "unit":"Byte",
            "displayname":"Interface Output Octets",
            "dimensions": ["Interface"]
         }
      },
      {
         "entity": "CUSTOM_DEVICE",
         "timeseries":{
            "key":"if_in_err",
            "unit":"Count",
            "displayname":"Interface Input Errors",
            "dimensions": ["Interface"]
         }
      },
      {
         "entity": "CUSTOM_DEVICE",
         "timeseries":{
            "key":"if_out_err",
            "unit":"Count",
            "displayname":"Interface Output Errors",
            "dimensions": ["Interface"]
         }
      },
      {
         "entity": "CUSTOM_DEVICE",
         "timeseries":{
            "key":"if_in_util",
            "unit":"Percent",
            "displayname":"Interface Input %",
            "dimensions": ["Interface"]
         }
      },
      {
         "entity": "CUSTOM_DEVICE",
         "timeseries":{
            "key":"if_out_util",
            "unit":"Percent",
            "displayname":"Interface Output %",
            "dimensions": ["Interface"]
         }
      },
       {
         "entity": "CUSTOM_DEVICE",
         "timeseries":{
            "key":"if_in_discards",
            "unit":"Count",
            "displayname":"Interface Input Discards",
            "dimensions": ["Interface"]
         }
      },
      {
         "entity": "CUSTOM_DEVICE",
         "timeseries":{
            "key":"if_out_discards",
            "unit":"Count",
            "displayname":"Interface Output Discards",
            "dimensions": ["Interface"]
         }
      },
      {
         "entity": "CUSTOM_DEVICE",
         "statetimeseries": {
             "key": "if-status",
             "states": ["UP", "DOWN", "OTHER"],
             "dimensions": ["Interface"],
             "displayname": "Interface Status"
         }
      },
      {
         "entity": "CUSTOM_DEVICE",
         "timeseries":{
            "key":"vsys_max_sessions",
            "unit":"Count",
            "displayname":"VSYS - Max Sessions",
            "dimensions": ["Vsys"]
         }
      },
       {
         "entity": "CUSTOM_DEVICE",
         "timeseries":{
            "key":"vsys_session_utilization",
            "unit":"Percent",
            "displayname":"VSYS - Session Utilization",
            "dimensions": ["Vsys"]
         }
      },
       {
         "entity": "CUSTOM_DEVICE",
         "timeseries":{
            "key":"vsys_active_sessions",
            "unit":"Count",
            "displayname":"VSYS - Active Sessions",
            "dimensions": ["Vsys"]
         }
      },
      {
         "entity": "CUSTOM_DEVICE",
         "timeseries":{
            "key":"max_sessions",
            "unit":"Count",
            "displayname":"Max Sessions"
         }
      },
      {
         "entity": "CUSTOM_DEVICE",
         "timeseries":{
            "key":"temperature",
            "unit":"Count",
            "displayname":"Temperature",
            "dimensions": ["Sensor"]
         }
      },
      {
         "entity": "CUSTOM_DEVICE",
         "timeseries":{
            "key":"rpm",
            "unit":"Count",
            "displayname":"RPM",
            "dimensions": ["Sensor"]
         }
      },
      {
         "entity": "CUSTOM_DEVICE",
         "timeseries":{
            "key":"sessions_tcp",
            "unit":"Count",
            "displayname":"Sessions - TCP"
         }
      },
      {
         "entity": "CUSTOM_DEVICE",
         "timeseries":{
            "key":"sessions_udp",
            "unit":"Count",
            "displayname":"Sessions - UDP"
         }
      },
      {
         "entity": "CUSTOM_DEVICE",
         "timeseries":{
            "key":"sessions_icmp",
            "unit":"Count",
            "displayname":"Sessions - ICMP"
         }
      }
   ],
   "ui": {
      "keymetrics" : [
         {
            "key": "cpu_management",
            "displayname": "CPU %"
         },
            {
            "key": "if_in",
            "displayname": "Incoming traffic",
               "mergeaggregation": "SUM"
         }
      ],
      "keycharts": [
         {
            "group": "Host",
            "title": "Management CPU %",
            "series": [
               {
                  "key": "cpu_management",
                  "displayname": "Management CPU %",
                  "mergeaggregation": "AVG"
               }
            ]
         },
         {
            "group": "Interfaces",
            "title": "Throughput",
            "series": [
               {
                  "key": "if_in",
                  "displayname": "Input Octets",
                  "mergeaggregation": "SUM"
               },
               {
                  "key": "if_out",
                  "displayname": "Output Octets",
                  "mergeaggregation": "SUM"
               }
            ]
         },
          {
            "group": "Interfaces",
            "title": "Errors",
            "series": [
               {
                  "key": "if_in_err",
                  "displayname": "Input Errors",
                  "mergeaggregation": "SUM"
               },
               {
                  "key": "if_out_err",
                  "displayname": "Output Errors",
                  "mergeaggregation": "SUM"
               }
            ]
         },
         {
            "group": "Interfaces",
            "title": "Utilization",
            "series": [
               {
                  "key": "if_in_util",
                  "displayname": "Input Utilization"
               },
               {
                  "key": "if_out_util",
                  "displayname": "Output Utilization"
               }
            ]
         },
          {
            "group": "Interfaces",
            "title": "Discards",
            "series": [
               {
                  "key": "if_in_discards",
                  "displayname": "Input Discards"
               },
               {
                  "key": "if_out_discards",
                  "displayname": "Output Discards"
               }
            ]
         },
         {
            "group": "Palo Alto",
            "title": "Session Usage",
            "series": [
               {
                  "key": "session_usage",
                  "displayname": "Session Usage %"
               }
            ]
         },
         {
            "group": "Palo Alto",
            "title": "Sessions",
            "series": [
               {
                  "key": "sessions",
                  "displayname": "Active Sessions"
               },
               {
                  "key": "max_sessions",
                  "displayname": "Max Sessions"
               }
            ]
         },
         {
            "group": "Palo Alto",
            "title": "Tunnels",
            "series": [
               {
                  "key": "active_tunnels",
                  "displayname": "Active Tunnels"
               },
               {
                  "key": "max_tunnels",
                  "displayname": "Max Tunnels"
               }
            ]
         },
         {
            "group": "Palo Alto",
            "title": "Gateway Usage %",
            "series": [
               {
                  "key": "gateway_usage",
                  "displayname": "Global Protocol Gateway Usage %"
               }
            ]
         },
         {
            "group": "VSYS",
            "title": "VSYS Usage",
            "series": [
               {
                  "key": "vsys_session_utilization",
                  "displayname": "Vsys session utilization %",
                  "mergeaggregation": "avg"
               }
            ]
         },
         {
            "group": "Sensors",
            "title": "Temperature",
            "series": [
               {
                  "key": "temperature",
                  "displayname": "Temperature",
                  "mergeaggregation": "avg"
               }
            ]
         },
         {
            "group": "Sensors",
            "title": "RPM",
            "series": [
               {
                  "key": "rpm",
                  "displayname": "RPM",
                  "mergeaggregation": "avg"
               }
            ]
         }
      ],
      "charts": [
         {
            "group": "Host",
            "title": "Management CPU %",
            "series": [
               {
                  "key": "cpu_management",
                  "displayname": "Management CPU %",
                  "mergeaggregation": "AVG"
               }
            ]
         },
         {
            "group": "Host",
            "title": "Memory and Storage",
            "series": [
               {
                  "key": "mem_pct",
                  "displayname": "Usage %"
               }
            ]
         },
         {
            "group": "Interfaces",
            "title": "Throughput",
            "series": [
               {
                  "key": "if_in",
                  "displayname": "Input Octets"
               },
               {
                  "key": "if_out",
                  "displayname": "Output Octets"
               }
            ]
         },
          {
            "group": "Interfaces",
            "title": "Errors",
            "series": [
               {
                  "key": "if_in_err",
                  "displayname": "Input Errors"
               },
               {
                  "key": "if_out_err",
                  "displayname": "Output Errors"
               }
            ]
         },
         {
            "group": "Interfaces",
            "title": "Utilization",
            "series": [
               {
                  "key": "if_in_util",
                  "displayname": "Input Utilization"
               },
               {
                  "key": "if_out_util",
                  "displayname": "Output Utilization"
               }
            ]
         },
         {
            "group": "Interfaces",
            "title": "Discards",
            "series": [
               {
                  "key": "if_in_discards",
                  "displayname": "Input Discards"
               },
               {
                  "key": "if_out_discards",
                  "displayname": "Output Discards"
               }
            ]
         },
         {
                "group": "Interfaces",
                "title": "Status",
                "series": [{
                    "key": "if-status",
                    "displayName": "Interface Status",
                    "statechart": true,
                    "statecolors": ["#00ff00", "#B70000", "0000B7"]
                }]
            },
         {
            "group": "Palo Alto",
            "title": "Session Usage %",
            "series": [
               {
                  "key": "session_usage",
                  "displayname": "Session Usage %"
               }
            ]
         },
         {
            "group": "Palo Alto",
            "title": "Gateway Usage %",
            "series": [
               {
                  "key": "gateway_usage",
                  "displayname": "Global Protocol Gateway Usage %"
               }
            ]
         },
         {
            "group": "VSYS",
            "title": "VSYS Usage",
            "series": [
               {
                  "key": "vsys_session_utilization",
                  "displayname": "Vsys session utilization %"
               }
            ]
         },
         {
            "group": "Sensors",
            "title": "Temperature",
            "series": [
               {
                  "key": "temperature",
                  "displayname": "Temperature"
               }
            ]
         },
         {
            "group": "Sensors",
            "title": "RPM",
            "series": [
               {
                  "key": "rpm",
                  "displayname": "RPM"
               }
            ]
         }
      ]
   },
   "properties": [
      {
         "key": "hostname",
         "type": "String"
      },
      {
         "key": "device_name",
         "type": "String"
      },
      {
         "key": "snmp_version",
         "type": "Dropdown",
          "dropdownValues": [
            "v2",
            "v3"
            ]
      },
      {
         "key": "snmp_user",
         "type": "Password"
      },
      {
         "key": "auth_protocol",
         "type": "Dropdown",
         "dropdownValues": [
            "md5",
            "sha",
            "sha224",
            "sha256",
            "sha384",
            "sha512",
            "noauth"
            ]
      },
      {
         "key": "auth_key",
         "type": "Password"
      },
      {
         "key": "priv_protocol",
         "type": "Dropdown",
         "dropdownValues": [
            "des",
            "3des",
            "aes",
            "aes192",
            "aes256",
            "nopriv"
            ]
      },
      {
         "key": "priv_key",
         "type": "Password"
      },
      {
         "key": "group",
         "type": "String"
      },
      {"key": "add_alias", "type": "Boolean"},
      {"key": "log_level", "type": "Dropdown", "dropdownValues": [ "INFO", "DEBUG"], "defaultValue": "INFO"}

   ],
   "configUI" :{
      "displayName": "SNMP Plugin (Palo Alto)",
      "properties" : [
         { "key" : "hostname", "displayName": "Hostname/IP", "displayOrder": 1, "displayHint": "127.0.0.1[:161]" },
         { "key" : "device_name", "displayName": "(Optional) friendly device name", "displayOrder": 2, "displayHint": "If not set, hostname will be used" },
         { "key" : "group", "displayName": "Group name", "displayOrder": 3, "displayHint": "For organization within Dynatrace" },
         { "key" : "snmp_version", "displayName": "SNMP Version", "displayOrder": 4},
         { "key" : "snmp_user", "displayName": "SNMP auth user or community name", "displayOrder": 5, "displayHint": ""},
         { "key" : "auth_protocol", "displayName": "SNMP v3 Authentication protocol", "displayOrder": 6},
         { "key" : "priv_key", "displayName": "SNMP v3 Privacy password", "displayOrder": 7, "displayHint": "v3 only"},
         { "key" : "auth_key", "displayName": "SNMP v3 Authentication password", "displayOrder": 8, "displayHint": "v3 only"},
         { "key" : "priv_protocol", "displayName": "SNMP v3 Privacy protocol", "displayOrder": 9},
         { "key" : "add_alias", "displayName": "Add Interface Alias (comments) to interface name", "displayOrder": 10},
         { "key" : "log_level", "displayName": "Log level", "displayOrder": 11}
      ]
   }
}
