{
    "version": "0.07",
    "name": "custom.remote.python.redis",
    "type": "python",
    "metricGroup": "tech.redis",
    "entity": "CUSTOM_DEVICE",
    "technologies": [
        "REDIS"
    ],
    "source": {
        "package": "remote_redis",
        "className": "RemoteRedisPlugin",
        "install_requires": [
            "redis"
        ]
    },
    "configUI": {
        "displayName": "Redis",
        "properties": [
            {
                "key": "host",
                "displayName": "Host Name",
                "displayOrder": 1
            },
            {
                "key": "port",
                "displayName": "Port",
                "displayOrder": 2
            },
            {
                "key": "friendlydbname",
                "displayName": "Friendly DB Name",
                "displayOrder": 3,
                "displayHint": "Optionally Add Friendly Name to Dynatrace Device Name"
            },
            {
                "key": "auth_connection_password",
                "displayName": "Connection Password",
                "displayOrder": 4
            },
            {
                "key": "default_user_commands",
                "displayName": "Can default user run commands?",
                "displayOrder": 5,
                "displayHint": "INFO, SLOWLOG, & CONFIG"
            },
            {
                "key": "auth_user",
                "displayName": "User Name",
                "displayOrder": 6,
                "displayHint": "User that can run INFO, SLOWLOG, & CONFIG"
            },
            {
                "key": "auth_password",
                "displayName": "User Password",
                "displayOrder": 7
            }
        ]
    },
    "properties": [
        {
            "key": "host",
            "type": "String"
        },
        {
            "key": "port",
            "type": "String"
        },
        {
            "key": "friendlydbname",
            "type": "String"
        },
        {
            "key": "auth_connection_password",
            "type": "Password"
        },
        {
            "key": "default_user_commands",
            "type": "Boolean"
        },
        {
            "key": "auth_user",
            "type": "String"
        },
        {
            "key": "auth_password",
            "type": "Password"
        }
    ],
    "ui": {
        "pgmetrics": [
            {
                "key": "total_commands_processed",
                "displayname": "Total commands processed",
                "unit": "PerSecond"
            },
            {
                "key": "memory_usage",
                "displayname": "Memory usage",
                "unit": "Percent"
            }
        ],
        "keyMetrics": [
            {
                "key": "responsiveness",
                "displayname": "Response time",
                "unit": "MilliSecond"
            },
            {
                "key": "mem_fragmentation_ratio",
                "displayname": "Mem. fragmentation"
            }
        ],
        "keycharts": [
            {
                "group": "Redis metrics",
                "title": "Slave state",
                "series": [
                    {
                        "key": "slave_state",
                        "displayname": "Slave state",
                        "seriestype": "bar",
                        "statecolors": [
                            "#82d8f9",
                            "#ffe11c",
                            "#dc172a"
                        ],
                        "stacked": true,
                        "statechart": true
                    }
                ]
            },
            {
                "group": "Redis metrics",
                "title": "Response time",
                "series": [
                    {
                        "key": "responsiveness",
                        "displayname": "Response time",
                        "seriestype": "bar",
                        "unit": "MilliSecond",
                        "color": "#82d8f9"
                    },
                    {
                        "key": "total_commands_processed",
                        "displayname": "Total commands processed",
                        "seriestype": "line",
                        "color": "#006bba",
                        "rightaxis": true,
                        "unit": "PerSecond"
                    }
                ]
            },
            {
                "group": "Redis metrics",
                "title": "Operations Per Second",
                "series": [
                    {
                        "key": "instantaneous_ops_per_sec",
                        "displayname": "Ops/Second",
                        "seriestype": "line",
                        "unit": "PerSecond"
                    }
                ]
            },
            {
                "group": "Redis metrics",
                "title": "Memory fragmentation",
                "series": [
                    {
                        "key": "mem_fragmentation_ratio",
                        "displayname": "Memory fragmentation ratio",
                        "seriestype": "line"
                    }
                ]
            },
            {
                "group": "Redis metrics",
                "title": "Memory usage",
                "series": [
                    {
                        "key": "memory_usage",
                        "displayname": "Memory usage",
                        "seriestype": "area",
                        "unit": "Percent"
                    }
                ]
            }
        ],
        "charts": [
            {
                "group": "Connections",
                "title": "Clients",
                "series": [
                    {
                        "key": "connected_clients",
                        "displayname": "Connected",
                        "seriestype": "area",
                        "unit": "Count",
                        "color": "#82d8f9"
                    },
                    {
                        "key": "blocked_clients",
                        "displayname": "Blocked",
                        "seriestype": "bar",
                        "unit": "Count",
                        "color": "#82d8f9",
                        "stacked": true
                    },
                    {
                        "key": "rejected_connections",
                        "displayname": "Rejected connections",
                        "seriestype": "bar",
                        "unit": "Count",
                        "stacked": true
                    },
                    {
                        "key": "total_connections_received",
                        "displayname": "Total connections received",
                        "seriestype": "line",
                        "unit": "PerSecond",
                        "color": "#006bba",
                        "rightaxis": true
                    }
                ]
            },
            {
                "group": "Connections",
                "title": "Operations Per Second",
                "series": [
                    {
                        "key": "instantaneous_ops_per_sec",
                        "displayname": "Ops/Second",
                        "seriestype": "line",
                        "unit": "PerSecond"
                    }
                ]
            },
            {
                "group": "Connections",
                "title": "Replication",
                "series": [
                    {
                        "key": "connected_slaves",
                        "displayname": "Connected slaves",
                        "seriestype": "area",
                        "unit": "Count",
                        "color": "#82d8f9"
                    },
                    {
                        "key": "master_last_io_seconds_ago",
                        "displayname": "Last interaction with master",
                        "seriestype": "bar",
                        "unit": "Second",
                        "rightaxis": true
                    }
                ]
            },
            {
                "group": "Cache",
                "title": "Commands",
                "series": [
                    {
                        "key": "keyspace_hits",
                        "displayname": "Keyspace hits",
                        "seriestype": "bar",
                        "stacked": true,
                        "unit": "PerSecond",
                        "color": "#82d8f9"
                    },
                    {
                        "key": "keyspace_misses",
                        "displayname": "Keyspace misses",
                        "seriestype": "bar",
                        "stacked": true,
                        "unit": "PerSecond"
                    },
                    {
                        "key": "total_commands_processed",
                        "displayname": "Total commands processed",
                        "seriestype": "line",
                        "color": "#006bba",
                        "unit": "PerSecond"
                    }
                ]
            },
            {
                "group": "Cache",
                "title": "Memory",
                "series": [
                    {
                        "key": "used_memory",
                        "displayname": "Used memory",
                        "seriestype": "area",
                        "unit": "Byte",
                        "color": "#82d8f9"
                    },
                    {
                        "key": "maxmemory",
                        "displayname": "Max memory",
                        "seriestype": "line",
                        "unit": "Byte",
                        "color": "#006bba"
                    },
                    {
                        "key": "evicted_keys",
                        "displayname": "Evicted keys",
                        "seriestype": "bar",
                        "unit": "PerSecond",
                        "rightaxis": true
                    }
                ]
            },
            {
                "group": "Cache",
                "title": "Cache hit ratio",
                "series": [
                    {
                        "key": "hit_ratio",
                        "displayname": "Cache hit ratio",
                        "seriestype": "area",
                        "unit": "Percent"
                    }
                ]
            },
            {
                "group": "Cache",
                "title": "Expired keys",
                "series": [
                    {
                        "key": "expired_keys",
                        "displayname": "Expired keys",
                        "seriestype": "bar",
                        "unit": "PerSecond"
                    }
                ]
            },
            {
                "group": "Database",
                "title": "Keys",
                "series": [
                    {
                        "key": "keys",
                        "displayname": "No. of keys",
                        "seriestype": "area",
                        "unit": "Count"
                    }
                ]
            },
            {
                "group": "Database",
                "title": "Expires",
                "series": [
                    {
                        "key": "expires",
                        "displayname": "Expires (no. of keys with an expiration)",
                        "seriestype": "area",
                        "unit": "Count",
                        "color": "#82d8f9"
                    },
                    {
                        "key": "avg_ttl",
                        "displayname": "Average TTL",
                        "seriestype": "line",
                        "unit": "MilliSecond",
                        "color": "#006bba",
                        "rightaxis": true
                    }
                ]
            },
            {
                "group": "Slowlog",
                "title": "Slow queries",
                "series": [
                    {
                        "key": "slowlog_len",
                        "displayname": "Slow queries",
                        "seriestype": "bar",
                        "unit": "Count"
                    }
                ]
            }
        ]
    },
    "metrics": [
        {
            "statetimeseries": {
                "key": "slave_state",
                "states": [
                    "Synchronized",
                    "Sync_in_progress",
                    "Unsynchronized"
                ],
                "dimensions": [],
                "displayname": "Slave status"
            },
            "alert_settings": [
                {
                    "alert_id": "sync_in_progress",
                    "event_type": "AVAILABILITY_EVENT",
                    "event_name": "Redis Slave synchronization in progress",
                    "default_state": "inactive",
                    "threshold": 0,
                    "description": "Slave is {severity} for {violating_samples}.",
                    "alert_condition": "ABOVE",
                    "samples": 5,
                    "violating_samples": 3,
                    "dealerting_samples": 5,
                    "state_name": "Sync_in_progress"
                },
                {
                    "alert_id": "unsynchronized",
                    "event_type": "AVAILABILITY_EVENT",
                    "event_name": "Redis Slave unsynchronized",
                    "threshold": 0,
                    "description": "Slave is {severity} for {violating_samples}.",
                    "alert_condition": "ABOVE",
                    "samples": 5,
                    "violating_samples": 3,
                    "dealerting_samples": 5,
                    "state_name": "Unsynchronized"
                }
            ]
        },
        {
            "timeseries": {
                "key": "instantaneous_ops_per_sec",
                "unit": "PerSecond",
                "dimensions": [],
                "displayname": "Ops per Second"
            }
        },
        {
            "timeseries": {
                "key": "blocked_clients",
                "unit": "Count",
                "dimensions": [],
                "displayname": "Blocked clients"
            }
        },
        {
            "timeseries": {
                "key": "connected_clients",
                "unit": "Count",
                "dimensions": [],
                "displayname": "Connected clients"
            }
        },
        {
            "timeseries": {
                "key": "rejected_connections",
                "unit": "Count",
                "dimensions": [],
                "displayname": "Rejected connections"
            }
        },
        {
            "timeseries": {
                "key": "connected_slaves",
                "unit": "Count",
                "dimensions": [],
                "displayname": "Connected slaves"
            }
        },
        {
            "timeseries": {
                "key": "master_last_io_seconds_ago",
                "unit": "Second",
                "dimensions": [],
                "displayname": "Last interaction with master"
            }
        },
        {
            "timeseries": {
                "key": "keyspace_hits",
                "unit": "PerSecond",
                "dimensions": [],
                "displayname": "Keyspace hits"
            }
        },
        {
            "timeseries": {
                "key": "keyspace_misses",
                "unit": "PerSecond",
                "dimensions": [],
                "displayname": "Keyspace misses"
            }
        },
        {
            "timeseries": {
                "key": "evicted_keys",
                "unit": "PerSecond",
                "dimensions": [],
                "displayname": "Evicted keys"
            }
        },
        {
            "timeseries": {
                "key": "expired_keys",
                "unit": "PerSecond",
                "dimensions": [],
                "displayname": "Expired keys"
            }
        },
        {
            "timeseries": {
                "key": "total_commands_processed",
                "unit": "PerSecond",
                "dimensions": [],
                "displayname": "Total commands processed"
            }
        },
        {
            "timeseries": {
                "key": "total_connections_received",
                "unit": "PerSecond",
                "dimensions": [],
                "displayname": "Total connections received"
            }
        },
        {
            "timeseries": {
                "key": "used_memory",
                "unit": "Byte",
                "dimensions": [],
                "displayname": "Used memory"
            }
        },
        {
            "timeseries": {
                "key": "maxmemory",
                "unit": "Byte",
                "dimensions": [],
                "displayname": "Max memory"
            }
        },
        {
            "timeseries": {
                "key": "mem_fragmentation_ratio",
                "unit": "Count",
                "dimensions": [],
                "displayname": "Memory fragmentation"
            }
        },
        {
            "timeseries": {
                "key": "slowlog_len",
                "unit": "Count",
                "dimensions": [],
                "displayname": "Slow queries"
            }
        },
        {
            "timeseries": {
                "key": "responsiveness",
                "unit": "MilliSecond",
                "dimensions": [],
                "displayname": "Response time"
            }
        },
        {
            "timeseries": {
                "key": "hit_ratio",
                "unit": "Percent",
                "dimensions": [],
                "displayname": "Cache hit ratio"
            }
        },
        {
            "timeseries": {
                "key": "memory_usage",
                "unit": "Percent",
                "dimensions": [],
                "displayname": "Memory usage"
            }
        },
        {
            "timeseries": {
                "key": "keys",
                "unit": "Count",
                "dimensions": [
                    "database"
                ],
                "displayname": "Database keys"
            }
        },
        {
            "timeseries": {
                "key": "expires",
                "unit": "Count",
                "dimensions": [
                    "database"
                ],
                "displayname": "Database expired keys"
            }
        },
        {
            "timeseries": {
                "key": "avg_ttl",
                "unit": "MilliSecond",
                "dimensions": [
                    "database"
                ],
                "displayname": "Database average key TTL"
            }
        }
    ]
}
